{
  "Case_A_Entropy": {
    "accuracy": 0.6893115942028986,
    "precision": 0.0,
    "recall": 0.0,
    "f1_score": 0.0,
    "roc_auc": 0.4918608704980021
  },
  "Case_B_Ent_TOV": {
    "accuracy": 0.8478260869565217,
    "precision": 0.8205128205128205,
    "recall": 0.6530612244897959,
    "f1_score": 0.7272727272727273,
    "roc_auc": 0.9003727640859235
  },
  "Case_C_Baseline": {
    "accuracy": 0.9646739130434783,
    "precision": 0.9662576687116564,
    "recall": 0.9183673469387755,
    "f1_score": 0.9417040358744395,
    "roc_auc": 0.9884109829402007
  },
  "Case_D_Proposed": {
    "accuracy": 0.9963768115942029,
    "precision": 1.0,
    "recall": 0.9883381924198251,
    "f1_score": 0.9941348973607038,
    "roc_auc": 0.9998582500392685
  }
}