{
  "LSTM": {
    "accuracy": 0.9918478260869565,
    "precision": 0.9911764705882353,
    "recall": 0.9825072886297376,
    "f1_score": 0.986822840409956,
    "roc_auc": 0.9995057906774498
  },
  "GRU": {
    "accuracy": 0.9909420289855072,
    "precision": 1.0,
    "recall": 0.9708454810495627,
    "f1_score": 0.985207100591716,
    "roc_auc": 0.9965750144623271
  },
  "BiLSTM": {
    "accuracy": 0.9945652173913043,
    "precision": 0.9970501474926253,
    "recall": 0.9854227405247813,
    "f1_score": 0.9912023460410557,
    "roc_auc": 0.9998582500392685
  },
  "BiLSTM_Attention": {
    "accuracy": 0.9954710144927537,
    "precision": 1.0,
    "recall": 0.9854227405247813,
    "f1_score": 0.9926578560939795,
    "roc_auc": 0.9996896825183988
  }
}